resolved_at,date,sport,category,home_team,away_team,market,selection,bet_mode,ai_probability,bookmaker_odds,value,stake,result,profit,final_winner,final_score_home,final_score_away,status_detail,score_exact_1,score_exact_1_proba,score_exact_2,score_exact_2_proba,tennis_engine_score,tennis_edge
,2026-05-26T13:00:00Z,tennis_atp_french_open,tennis,Cristian Garin,Learner Tien,Player 2 Win,learner tien,VALUE,0.6709,1.62,0.0869,1.8,WIN,1.12,Learner Tien,1.0,3.0,RESOLVED_FROM_SOFASCORE,,,,,,
,2026-05-27T09:00:00Z,tennis_atp_french_open,tennis,Hubert Hurkacz,Frances Tiafoe,Player 2 Win,frances tiafoe,AGGRESSIVE,0.5334,2.2,0.1735,0.96,WIN,1.15,Frances Tiafoe,1.0,3.0,RESOLVED_FROM_MANUAL_RESULTS,,,,,,
,2026-05-26T13:00:00Z,tennis_wta_french_open,tennis,Dalma Galfi,Mayar Sherif,Player 1 Win,dalma galfi,VALUE,0.6006,1.87,0.123,1.8,LOSS,-1.8,Mayar Sherif,0.0,2.0,RESOLVED_FROM_SOFASCORE,,,,,,
,2026-05-26T12:20:00Z,tennis_atp_french_open,tennis,Cameron Norrie,Adolfo Daniel Vallejo,Player 2 Win,adolfo daniel vallejo,AGGRESSIVE,0.5251,2.3,0.2078,0.96,LOSS,-0.96,Cameron Norrie,3.0,0.0,RESOLVED_FROM_MANUAL_RESULTS,,,,,,
,2026-05-26T18:45:00Z,soccer_france_ligue_one,football,Saint Etienne,Nice,Home Win,saint etienne,VALUE,0.72,2.38,0.7136,1.8,LOSS,-1.8,Nice,1.0,2.0,RESOLVED_FROM_MANUAL_RESULTS,,,,,,
,2026-05-28T09:00:00Z,tennis_atp_french_open,tennis,Hubert Hurkacz,Frances Tiafoe,Player 2 Win,frances tiafoe,AGGRESSIVE,0.5289,2.36,0.2483,0.96,WIN,1.31,Frances Tiafoe,1.0,3.0,RESOLVED_FROM_MANUAL_RESULTS,,,,,,
,2026-05-27T09:00:00Z,tennis_atp_french_open,tennis,Federico Cinà,Jesper De Jong,Player 1 Win,Federico Cinà,RISKY VALUE,0.513,2.36,0.2106,0.72,LOSS,-0.72,Jesper De Jong,1.0,3.0,RESOLVED_FROM_MANUAL_RESULTS,,,,,,
,2026-05-27T09:00:00Z,tennis_wta_french_open,tennis,Tamara Korpatsch,Xinyu Wang,Player 1 Win,Tamara Korpatsch,RISKY VALUE,0.5061,2.1,0.0628,0.34,LOSS,-0.34,Xinyu Wang,1.0,2.0,RESOLVED_FROM_MANUAL_RESULTS,,,,,,
2026-05-27T14:22:00.853707+00:00,2026-05-28T10:10:00Z,tennis_atp_french_open,tennis,Hubert Hurkacz,Frances Tiafoe,Player 2 Win,Frances Tiafoe,MEGA VALUE,0.6079125000000001,2.28,0.386,3.0,WIN,3.84,Frances Tiafoe,1.0,3.0,RESOLVED_FROM_MANUAL_RESULTS,2-0,56.12,2-1,43.88,99.47,0.4215
